Workbook

Sheet Gantt
A1: Diagrama de Gantt — Sistema Web de Ventas e Inventario
A2: .
A3: Inicio del cronograma (lunes): | E3: 46237
A4: Hoy: | E4: =TODAY() -> 46299
A6: Tipo | B6: Hito | C6: Actividad | D6: Responsable | E6: Inicio | F6: Fin | G6: Días | H6: % avance | I6: Estado
A7: Tarea | B7: 1 | C7: Formación del equipo y elección del tema | D7: Equipo | E7: 46237 | F7: 46242 | G7: =F7-E7+1 -> 6 | H7: 1 | I7: =IF(H7>=1,"Completado",IF($E$4<E7,"Pendiente","En proceso")) -> Completado
A8: Hito | B8: 1 | C8: HITO 1: Inicio del proyecto: tema, equipo y roles | D8: Equipo | E8: =Hitos!C4 -> 46237 | F8: =Hitos!D4 -> 46242 | G8: =F8-E8+1 -> 6 | H8: 1 | I8: =IF(H8>=1,"Completado",IF($E$4<E8,"Pendiente","En proceso")) -> Completado
A9: Tarea | B9: 2 | C9: Investigación del problema y antecedentes | D9: Heydam | E9: 46244 | F9: 46262 | G9: =F9-E9+1 -> 19 | H9: 1 | I9: =IF(H9>=1,"Completado",IF($E$4<E9,"Pendiente","En proceso")) -> Completado
A10: Tarea | B10: 2 | C10: Objetivos, algoritmo (pseudocódigo) y flujograma v1 | D10: Luis | E10: 46251 | F10: 46272 | G10: =F10-E10+1 -> 22 | H10: 1 | I10: =IF(H10>=1,"Completado",IF($E$4<E10,"Pendiente","En proceso")) -> Completado
A11: Tarea | B11: 2 | C11: Redacción y revisión del documento v1 | D11: Magdiel | E11: 46258 | F11: 46276 | G11: =F11-E11+1 -> 19 | H11: 1 | I11: =IF(H11>=1,"Completado",IF($E$4<E11,"Pendiente","En proceso")) -> Completado
A12: Hito | B12: 2 | C12: HITO 2: Primera versión del documento | D12: Equipo | E12: =Hitos!C5 -> 46265 | F12: =Hitos!D5 -> 46277 | G12: =F12-E12+1 -> 13 | H12: 1 | I12: =IF(H12>=1,"Completado",IF($E$4<E12,"Pendiente","En proceso")) -> Completado
A13: Tarea | B13: 3 | C13: Retroalimentación de la v1 y correcciones | D13: Equipo | E13: 46279 | F13: 46297 | G13: =F13-E13+1 -> 19 | H13: 1 | I13: =IF(H13>=1,"Completado",IF($E$4<E13,"Pendiente","En proceso")) -> Completado
A14: Tarea | B14: 3 | C14: Mejora del documento (v2) y encuesta a vendedor | D14: Equipo | E14: 46300 | F14: 46311 | G14: =F14-E14+1 -> 12 | H14: 1 | I14: =IF(H14>=1,"Completado",IF($E$4<E14,"Pendiente","En proceso")) -> Completado
A15: Tarea | B15: 3 | C15: Diagrama de Gantt tentativo (editable) | D15: Heydam | E15: 46300 | F15: 46307 | G15: =F15-E15+1 -> 8 | H15: 1 | I15: =IF(H15>=1,"Completado",IF($E$4<E15,"Pendiente","En proceso")) -> Completado
A16: Tarea | B16: 3 | C16: Presentación de máx. 6 diapositivas | D16: Magdiel | E16: 46300 | F16: 46318 | G16: =F16-E16+1 -> 19 | H16: 1 | I16: =IF(H16>=1,"Completado",IF($E$4<E16,"Pendiente","En proceso")) -> Completado
A17: Hito | B17: 3 | C17: HITO 3: Documento mejorado + Gantt + presentación | D17: Equipo | E17: =Hitos!C6 -> 46307 | F17: =Hitos!D6 -> 46319 | G17: =F17-E17+1 -> 13 | H17: 1 | I17: =IF(H17>=1,"Completado",IF($E$4<E17,"Pendiente","En proceso")) -> Completado
A18: Tarea | B18: 4 | C18: Configuración del entorno y repositorio GitHub | D18: Luis | E18: 46314 | F18: 46318 | G18: =F18-E18+1 -> 5 | H18: 0.3 | I18: =IF(H18>=1,"Completado",IF($E$4<E18,"Pendiente","En proceso")) -> Pendiente
A19: Tarea | B19: 4 | C19: Diseño de base de datos e interfaz | D19: Heydam | E19: 46314 | F19: 46332 | G19: =F19-E19+1 -> 19 | H19: 0 | I19: =IF(H19>=1,"Completado",IF($E$4<E19,"Pendiente","En proceso")) -> Pendiente
A20: Tarea | B20: 4 | C20: Módulo de Ventas y Caja | D20: Luis | E20: 46321 | F20: 46346 | G20: =F20-E20+1 -> 26 | H20: 0 | I20: =IF(H20>=1,"Completado",IF($E$4<E20,"Pendiente","En proceso")) -> Pendiente
A21: Tarea | B21: 4 | C21: Módulo de Inventario y alertas | D21: Luis / Heydam | E21: 46328 | F21: 46349 | G21: =F21-E21+1 -> 22 | H21: 0 | I21: =IF(H21>=1,"Completado",IF($E$4<E21,"Pendiente","En proceso")) -> Pendiente
A22: Tarea | B22: 4 | C22: Pruebas QA del prototipo | D22: Magdiel | E22: 46335 | F22: 46349 | G22: =F22-E22+1 -> 15 | H22: 0 | I22: =IF(H22>=1,"Completado",IF($E$4<E22,"Pendiente","En proceso")) -> Pendiente
A23: Hito | B23: 4 | C23: HITO 4: Avance funcional del sistema | D23: Equipo | E23: =Hitos!C7 -> 46342 | F23: =Hitos!D7 -> 46350 | G23: =F23-E23+1 -> 9 | H23: 0 | I23: =IF(H23>=1,"Completado",IF($E$4<E23,"Pendiente","En proceso")) -> Pendiente
A24: Tarea | B24: 5 | C24: Módulo de Compras y Proveedores | D24: Luis / Heydam | E24: 46351 | F24: 46360 | G24: =F24-E24+1 -> 10 | H24: 0 | I24: =IF(H24>=1,"Completado",IF($E$4<E24,"Pendiente","En proceso")) -> Pendiente
A25: Tarea | B25: 5 | C25: Módulo de Reportes | D25: Luis / Heydam | E25: 46356 | F25: 46364 | G25: =F25-E25+1 -> 9 | H25: 0 | I25: =IF(H25>=1,"Completado",IF($E$4<E25,"Pendiente","En proceso")) -> Pendiente
A26: Tarea | B26: 5 | C26: Pruebas QA integrales | D26: Magdiel | E26: 46351 | F26: 46365 | G26: =F26-E26+1 -> 15 | H26: 0 | I26: =IF(H26>=1,"Completado",IF($E$4<E26,"Pendiente","En proceso")) -> Pendiente
A27: Tarea | B27: 5 | C27: Documentación técnica y manuales | D27: Magdiel | E27: 46328 | F27: 46365 | G27: =F27-E27+1 -> 38 | H27: 0 | I27: =IF(H27>=1,"Completado",IF($E$4<E27,"Pendiente","En proceso")) -> Pendiente
A28: Tarea | B28: 5 | C28: Despliegue y capacitación | D28: Equipo | E28: 46363 | F28: 46366 | G28: =F28-E28+1 -> 4 | H28: 0 | I28: =IF(H28>=1,"Completado",IF($E$4<E28,"Pendiente","En proceso")) -> Pendiente
A29: Hito | B29: 5 | C29: HITO 5: Entrega final y presentación | D29: Equipo | E29: =Hitos!C8 -> 46367 | F29: =Hitos!D8 -> 46375 | G29: =F29-E29+1 -> 9 | H29: 0 | I29: =IF(H29>=1,"Completado",IF($E$4<E29,"Pendiente","En proceso")) -> Pendiente
A31: Leyenda: azul = tarea · verde = tarea completada (100%) · naranja = hito · columna amarilla = semana actual · texto azul/fondo amarillo = editable · verde = enlazado a la hoja Hitos.
A32: Para añadir una tarea: inserte una fila dentro de la tabla, copie la fila de arriba y cambie sus datos (Tipo = Tarea). Estados y avance de tareas futuras son supuestos del equipo.

Sheet Hitos
A1: Hitos de la materia (fechas editables)
A3: Hito | B3: Nombre | C3: Inicio | D3: Fin | E3: Entregable
A4: 1 | B4: Inicio del proyecto: tema, equipo y roles | C4: 46237 | D4: 46242 | E4: Definición del tema y del equipo
A5: 2 | B5: Primera versión del documento | C5: 46265 | D5: 46277 | E5: Documento v1 (se presenta al final del hito)
A6: 3 | B6: Documento mejorado + Gantt + presentación | C6: 46307 | D6: 46319 | E6: Documento v2, diagrama de Gantt y presentación (máx. 6 diapositivas)
A7: 4 | B7: Avance funcional del sistema | C7: 46342 | D7: 46350 | E7: Prototipo con ventas, caja e inventario (supuesto)
A8: 5 | B8: Entrega final y presentación | C8: 46367 | D8: 46375 | E8: Sistema completo, documentación y presentación final (supuesto)
A10: Fechas de los hitos: tomadas de la plataforma de la materia (captura del usuario). Entregables de los hitos 4 y 5: supuestos del equipo, a confirmar con el docente.
A11: Los hitos en la hoja Gantt leen estas fechas: al cambiarlas aquí, las barras naranjas se actualizan solas.
